GBO Fashion	http://gbofashion.com	//div[contains(@class,"post")]/h2/a	//div[contains(@class,"post")]/h1	//div[@class="entry"]	//div[contains(@class,"post")]//div[@class="date"]	//li[contains(@class, "comment")]	//a[@class="next page-numbers"]		
The Stylish Housewife	http://thestylishhousewife.com	//div[@class="post"]//h2/a	//div[contains(@class,"post")]//h2	//div[contains(@class,"post")]/div[contains(@class, "entry")]	//div[contains(@class,"post")]//div[@class="stamp"]	//ol/li	//div[@class="navigation"]/div[@class="nalignleft"]/a		
Glitz and Gold	http://glitzandgold.com	//div[contains(@class,"post")]/h2[@class="post-title"]/a	//div[contains(@class,"post")]/h2	//div[contains(@class,"post")]/div[@class="post-content"]	//span[@class="post-date"]	//ul[@class="commentlist"]/li[contains(@class, "comment")]	//div[@class="pagination"]/div[contains(@class, "alignleft")]/a		
Chelsea And The City	http://www.chelseaandthecity.com/	//div[contains(@class, "post")]/h2//a	//div[contains(@class, "post")]/h2[@class="post_title"]/span	//div[@class="maincontent"]	//div[@class="info"]/p[contains(@class,"month")]	//ol[@class="commentlist"]/li	//div[@class="moreprevious"]/a		
PinkSole	http://pinksole.com	//div[contains(@class,"post")]/h2/a	//div[contains(@class,"post")]/h1	//div[contains(@class,"post")]/div[@class="entry-content"]	//span[@class="entry-date"]	//li[@class="post"]	//div[@id="nav-below"]/div[@class="nav-previous"]/a		
The Serena Saga	http://theserenasaga.com	//div[contains(@class, "post")]/h2[@class="entry-title"]/a	//h1[@class="entry-title"]	//div[@class="entry-content"]	//span[contains(@class, "date")]	//ol/li	//div[@class="navigation"]/ul/li[last()]/a		
Blah Blah Blonde	http://erikathomas.com	//h2[@class="entry-title"]/a	//h1[@class="entry-title"]	//div[@class="entry-content"]	//span[@class="entry-date"]	//ol/li	//div[@id="nav-below"]/div[@class="nav-previous"]/a		
Barefoot Blonde	http://barefootblonde.com/	//div/h2/a	//header/h1	//section[contains(@class,"entry")]	//li[contains(@class,"post-date")]/span	//ol/li	//div[@class="navigation"]/div[@class="alignright"]/a		
StreetScout	http://streetscout.me	//ul[@id="portfolioList"]/li/div[@class="shadow"]/a	//h1[@class="entry-title"]	//div[@id="content"]	//div[@id="primary"]/article/header/div/ul/li/span[@class="published"]				
Style with Shannon	http://stylewithshannon.com	//div[@id="content"]/article/header/h1/a	//h1[@class="entry-title"]	//div[@class="entry-content"]	//div[@class="entry-meta"]/a/time		//div[@class="nav-previous"]/a		
Rachel Sayumi	http://www.rachelsayumi.com	//h3[contains(@class, "post-title")]/a	//h3[contains(@class, "post-title")]	//div[contains(@class, "post-body")]	//h2[@class="date-header"]	//div[@class="comment-thread"]/ol/li	//span[@id="blog-pager-older-link"]/a		
Dreaming in Cashmere	http://www.dreamingincashmere.com/	//div[@class="title"]/h2/a	//div[@class="title"]/h2	//div[@class="entry"]	//div[@class="post_header"]/div[@class="meta"]	//ol[@class="commentalis"]/li	//div[@class="navigation"]/a		
Wild and precious	wild-and-precious.com	//h3[contains(@class, "post-title")]/a	//h3[contains(@class, "post-title")]	//div[contains(@class, "post-body")]	//h2[@class="date-header"]/span	//div[@class="comment-thread"]/ol/li	//span[@id="blog-pager-older-link"]/a		
Marielle Lauren	http://mariellelauren.com/	//h2[@class="entry-title"]/a	//h1[contains(@class, "entry-title")]	//div[contains(@class,"entry-content")]	//span[@class="entry-date"]/a		//div[@class="nav-numeric"]/a[contains(@class, "next")]		
Sunflowers and stilettos	http://sunflowersandstilettos.com/	//h2[@class="post_title"]/span/a	//h2[@class="post_title"]/span	//div[@class="maincontent"]	//div[@class="info"]		//div[@class="moreprevious"]/a		
Chloe's addiction	http://www.chloeting.com/	//div[@class="text-actual"]/h2/a	//div[@class="text-actual"]/h2/a	//div[@class="caption"]	//div[@class="date"]/a	//ul[@id="post-list"]/li	//div[@class="page-prev"]/a		
EXXOMODELS	http://www.exxomodels.com/blog/	//h1[@class="entry-title"]/a	//h1[@class="entry-title"]	//div[@class="entry-content"]	//time[@class="entry-date"]	//ol[@class="commentalis"]/li	//div[@class="nav-previous"]/a		
Beauty and the Budget	http://beautyandthebudget.onsugar.com	//h2/a	//h2/a	//div[@class="post_content"]	//div[@class="dateinfo"]	//div[@class="comment"]	//a[@class="pager-next"]		
Real girl glam	http://realgirlglam.com	//span[@class="headline"]/a	//h1[@class="headline"]	//div[@class="post_content"]	//span[@class="post_date"]	//ul[@class="comment_list"]/li	//span[@class="previous_posts"]/a		
Penny chic	http://pennychic.com/	//h3[@class="post-title-h3"]/a	//header/h3	//section[contains(@class,"cat-rail")]	//span[@class="date"]/time	//ol[@class="commentlist"]/li	//div[@id="content"]/a		
Emily Salomon	http://www.emilysalomon.dk/	//h1[@class="entry-title"]/a	//h1[@class="entry-title"]	//div[@class="entry-content"]	//time[@class="entry-date"]	//ol[@class="commentlist"]/li	//div[@class="nav-previous"]/a		
Elenita	http://elenita.no	//h2[@class="page_title"]/a	//h2[@class="page_title"]	//div[@class="entry"]	//div[@class="post-date"]/small/a	//ol[@class="commentlist"]/li	//div[@class="navigation"]/div[@class="alignleft"]/a		
Fashion flash	http://blogg.aftonbladet.se/fashionflash	//h1[@class="post-title"]/a[@rel="bookmark"]	//h1[@class="post-title"]/a	//div[@class="post-content"]	//span[contains(@class,"post-date")]	//ul[@id="post-list"]/li	//a[contains(@class, "align-left subtle-button")]		
Lesmads	http://lesmads.de	//article/h2/a	//article/h2	//article/div[@class="innerContent"]	//article/time	//ul[@id="comments"]/li	//section[@class="pagination"]/a		
Style me GRasie	http://grasiemercedes.com	//h1[@class="entry-title"]/a	//h1[@class="entry-title"]	//div[contains(@class,"entry-content")]	//span[@class="date"]	//ul[@id="post-list"]/li	//div[@class="nav-previous"]/a		
Negin Mirsalehi	http://www.neginmirsalehi.com/	//h2[@class="omc-blog-one-heading"]/a	//h1[@class="omc-post-heading"]	//div[contains(@class, "jpibfi_container")]	//p[@class="omc-blog-two-date"]	//ol[@class="commentlist"]/li	//div[@class="previous"]/a		
PHI-STYLE	http://phi-style.com	/h2[@class="entry-title"]/a	//h1[@class="entry-title"]	//div[contains(@class,"entry-content")]	//aside[@class="entry-details"]/a	//ol[@class="commentlist"]/li	//div[@class="nav-previous"]/a		
Evelinas fashion cafe	http://evelinasfashioncafe.com/	//h2[@class="post-title"]/span/a	//h2[@class="post_title"]/span	//div[@class="maincontent"]	//div[@class="info"]	//ol[@class="commentlist"]/li	//div[@class="moreprevious"]/a		
Six six sick	http://sixsixsick.blogspot.com/	//h3[contains(@class, "post-title")]/a	//h3[contains(@class, "post-title")]/a	//div[contains(@class, "post-body")]	//h2[@class="date-header"]/span	//div[@id="comments"]/div	//span[@id="blog-pager-older-link"]/a		
Modern Eve	http://modern-eve.com	//h2/a	//h2/a	//div[@id="blogcontent"]	//p[@class="date"]	//ul[@id="post-list"]/li	//a[@class="nextpostslink"]		
Lina Di Moda	http://linadimoda.freshnet.se/	//h2/a	//h1[@class="blog_title"]	//div[@class="blog_content"]	//div[@class="blog_date"]	//div[@class="comment"]	//a[@class="nextpostslink"]		
Depois Dos Quinze	http://depoisdosquinze.com/	//div[@class="conteudo-post-titulo"]/a	//div[@class="conteudo-post-titulo"]	//div[@class="conteudo-post-texto"]	//div[@class="conteudo-post-autor-data"]	//ol[@id="comentar-lista"]/li	//a[@class="nextpostslink"]		
Maritsa	http://maritsa.co/	//h3[@class="entry-title"]/a	//h1[@class="entry-title"]/a	//div[@class="entry-content"]	//abbr[contains(@class, "published")]		//div[@class="nav-previous"]/a		
Tres Chic Clique	http://www.katrinekrojby.dk/	//a[@class="postoverskrift"]	//h1	//div[@class="entry-content"]	//div[@id="headline-time-div"]	//ol[@class="commentlist"]/li	(//div[@class="pagination"]/a)[last()]		
Style Slicker	http://styleslicker.com	//h1[@class="entry-title"]/a	//h1[@class="entry-title"]	//div[@class="entry-content"]	//time[@class="entry-date"]	//ol[@class="commentlist"]/li	//div[@class="nav-previous"]/a		
The style crusader	http://thestylecrusader.com/	//h1[@class="entry-title"]/a	//h1[@class="entry-title"]	//div[contains(@class,"entry-content")]	//time[@class="published"]	//div[contains(@class,"comment-list")]/div[contains(@class,"comment")]	//div[@class="pagination"]/a		
In the city with Crystalin	http://crystalinmarie.com/	//h2[@class="entry-title"]/a	//h1[@class="entry-title"]	//div[@class="entry-content"]	//span[@class="entry-date"]	//ol[@class="commentlist"]/li	//div[@class="nav-previous"]/a		
Amanda Berg	http://amandaberg.webblogg.se/	none	//h3	//div[@class="entrybody"]	//div[@class="entrymeta"]				
SKIP - Tumblr	http://fashiolista.tumblr.com/								
Brunette Blogging	http://brunetteblogging.com	//div[@class="post"]/h2/a	//div[@class="post"]/h2/a	//div[@class="entry"]	//div[@class="post"]/h3	//ul[@id="post-list"]	//div[@class="nav_right"]/a		
Around Lucia	http://aroundlucia.com	//h2[@class="entry-title"]/a	//h1[@class="entry-title"]	//section[@class="entry-content"]	//li/time	//ol[@class="commentlist"]/li	//div[@class="nav-previous"]/a	http://aroundlucia.com/?cat=1	
Kela's Kloset	http://kelaskloset.com	//h3[@class="entry-title"]/a	//h1[@class="entry-title"]	//div[@class="entry-content"]	//abbr[contains(@class,"published")]	//ul[@id="post-list"]	//div[@class="prev"]/a		
SKIP - not blog site	http://www.chictopia.com/CoedUgly								
The Spicy Stiletto	http://thespicystiletto.com	//h1[contains(@class,"entry-title")]/a	//h1[contains(@class,"entry-title")]	//article[contains(@id,"post")]/section	//div[@class="singledate"]	//ul[@id="post-list"]	//nav[@class="homenext"]/a //li[@class="next-link"]/a		NOTE: 2 different links for next page. First one for first page, 2nd for other pages
Thread Sence	http://threadsence.com/Blog/	//div[@class="ts-post-header"]/h2/a	//div[@class="ts-single-header"]/h2/a	//div[@class="ts-post"]/p	//div[@class="ts-single-header"]/h3	//ol/li	//a[@class="nextpostslink"]		
Mattieologie	http://mattieologie.com	//h2[@class="entry-title"]/a	//h1[@class="entry-title"]	//div[@class="entry-content"]	//span[@class="entry-date"]	//ol/li	//div[@class="nav-previous"]/a		
Teeth are Jade	http://teetharejade.com	//a[@class="title"]	//a[@class="title"]	//div[@class="storycontent"]	//div[@class="date"]	//ol/li	//div[@id="rightlink"]/a		
SKIP - NO SITE	http://www.fashionsalade.com/entuarmariomecole/								
Down This Road	http://www.iletaitunefois.com.au/	//h3[contains(@class,"post-title")]/a	//h3[contains(@class,"post-title")]/a	//div[contains(@class,"entry-content")]		//ol/li	//a[@class="blog-pager-older-link"]		
Necessary & Proper	http://www.necessary-and-proper.com	//div[contains(@class,"post-title")]/h1/a	//div[contains(@class,"post-title")]/h1	//section[@role="main"]	//div[contains(@class,"post-title")]/h4	//ol/li	//div[@id="infinite-handle"]/span		
Hanna Stefansson 	http://hanna.metromode.se/	//div[@class="post blogg-post "]/header/h2/a	//div[@class="post blogg-post "]/header/h2/a	//div[@class="the-blog-content"]	//h3[@class="meta-data"]	//ul[@class="feed-holder"]/li	//a[@class="next"]		
Looklab	http://stylejunkie.looklab.dk/	//a[@class="box"]	//h2[@class="post-title"]/a	//div[@class="entry"]	//ul[@id="metadata"]/li[1]	//ol/li	//li[@class="last"]		
Amalie Wessel	http://amaliewessel.dk/	//div[@class="headline"]/h2/a	//div[@class="headline"]/h1	//div[@class="entry-content"]	//div[@id="headline-time-div"]	//ol/li	//div[@class="pagination"]/a[last()]		
Closet Cravings	http://www.closetcravings.com/	//h2[@class="title"]	//h1[@class="title"]	//div[@class="content"]		//section[@id="conversation"]	//a[@class="nextpostslink"]		
STYLE'N	http://www.style-n-naina.com/	//h2[@class="title"]/a	//h2[@class="title"]/a	//div[@class="body"]	//span[@class="posted-on"]	//div[@id="comments"]	//span[@class="paginationControlNextPageSuffix"]	http://www.style-n-naina.com/stylen/	
ROCKNROLLERR	http://www.rocknrollerr.com	//h1[@class="entry-title"]/a	//h1[@class="entry-title"]	//div[@class="entry-content"]/p		//ol/li	PAGINATION ON SCROLL DOWN		
Virginie Peny	http://virginiepeny.com/	//div[@id="content"]/div/h3/a	//div[@class="post"]/h3	//div[@class="post"]/p	//div[@class="timestamp"]	NO COMMENTS	//div[@class="naviright"]/h4/a		
SKIP - navigation problems	http://www.elrincondemoda.com/								
SKIP - scroll down nav	http://www.amazedmag.de/								
PurseBlog	http://purseblog.com	//div[@class="post-meta-container"]/div/h2/a	//div[@class="post-meta-container"]/div/h1	//div[@class="post-body"]	//div[@class="post-meta-container"]/div//div[last()]/text()[2]	//ul[@id="post-list"]	//a[@class="nextpostslink"]		
SKIP - navigation problems	http://andreabadendyck.blogg.no								
Blonde Episodes	http://blondeepisodes.com	//h1[@class="entry-title"]/a	//h1[@class="entry-title"]	//div[@class="entry-content"]	//time[@class="entry-time"]	//ol/li	//div[contains(@class,"pagination-next")]/a		
Lela London	http://lelalondon.com	//h2[@class="entry-title"]/a	//h1[@class="entry-title"]	//div[@class="entry-content"]	//span[@class="entry-date"]	//section[@id="conversation"]	//div[@class="nav-previous"]/a		
the beautiful things	http://the-beautiful-things.com	//h2[@class="bbw-postheader"]/a	//h2[@class="bbw-postheader"]	//div[@class="bbw-postcontent"]/p	//span[@class="entry-date"]	//div[@class="bbw-postcontent"]//div[contains(@class,"comment")]	//div[@class="alignleft"]/a		
5 Fitting Rooms	http://5fittingrooms.com/blog	//div[@class="entry-content"]/a	//h1[@class="entry-title"]/a	//div[@class="entry-content"]	//div[@class="date1"]	//section[@id="conversation"]	//div[@class="navig-link"]/a[last()]		
 Cath in the City	http://cathinthecity.com	//h2[@class="blogtitle"]/a	//div[contains(@id,"post")]/h2	//div[@class="entry"]		//ol/li	//div[@class="alignleft"]/a		
eat, sleep, denim blog	http://eatsleepdenim.com/blog	//div[contains(@id,"post")]/h3/a	//div[contains(@id,"post")]/h3	//div[contains(@class,"entry-content")]		//ul[@class="comment-block"]/li	//div[@class="blog-pager-older-link"]/a		
SKIP - unavailable	http://fashionwithoutguilt.com								
 Camilla Pihl	http://camillapihl.no	//div[contains(@id,"post")]/h2/a	//div[contains(@id,"post")]/h2/a	//div[@class="entry"]		//ol/li	//div[@class="alignleft"]/a		
Kastor and Pollux	http://bianca.kastorandpollux.com	//h2[@class="entry-title"]/a	//h2[@class="entry-title"]	//div[@class="entry-content"]	//abbr[contains(@class,"published")]	//ol/li	//div[@class="nav-previous"]/a	http://blog.kastorandpollux.com/	
The Teacher Diva	http://theteacherdiva.com	//h2[@class="entry-title"]/a	//h1[@class="entry-title"]	//div[contains(@class,"entry-content")]	//time[@class="published"]	//ol[@class="media-list"]/li	//div[@class="previous pull-left"]/a		
The Life Styled	http://thelifestyledblog.com	//div[@class="topofpost"]/h1/a	//div[@class="topofpost"]/h5	//div[@class="post"]	//div[@class="meta2"]	//ol[@class="commentlist"]/li	//div[@class="older"]/a		
They All Hate Us	http://theyallhateus.com	//h2[@class="entry-title"]/a	//h1[@class="entry-title"]	//div[@class="entry-content"]	//span[@class="entry-date"]	//ol[@class="commentlist"]/li	//a[@class="nextpostslink"]		
Lovely by Lucy	http://lovelybylucy.com	//div[@class="post-title"]/h3/a	//div[@class="post-title"]/h3	//div[@class="entry"]	//div[@class="post-date"]	//ol[@class="commentlist"]/li	//span[@class="old-entries"]/a		
Clamour For Glamour	http://clamour4glamour.looklab.dk	//h2[@class="post-title"]/a	//h2[@class="post-title"]/a	//div[@class="entry"]	//li[@class="firstItem"]	//ol[@class="commentlist"]/li	//li[@class="last"]/a		
The Beauty File	http://thebeautyfile.com	//h2[@class="entry-title"]/a	//h1[@class="entry-title"]	//div[contains(@class,"post")]	//abbr[contains(@class,"published")]	//dl[@id="comment_list"]	//p[@class="previous"]/a		
Instant Vintage	http://innyvinny.com	//h1[@class="title"]/a	//h1[@class="title"]	//div[@class="the-content"]		//ul[@id="post-list"]	//div[@class="next-page"]/a		
SKIP - scroll down nav	http://whowhatwear.com								
Chouquette	http://chouquette.co.uk	//h1[@class="entry-title"]/a	//h1[@class="entry-title"]	//div[@class="entry-content"]	//time[@class="entry-date"]	//ol/li	//a[@class="next page-numbers"]		
Girl in the Lens	http://girlinthelens.com	//div[@class="post-headline"]/h2/a	//div[@class="post-headline"]/h1	//div[@class="post-bodycopy clearfix"]	//div[@class="post-byline"]	//ul[@class="commentlist"]/li	//div[@class="newer"]/a		
Twin Fashion	http://twinfashionblog.com	//h1[@class="post-title"]/a	//h1[@class="post-title"]/a	//div[contains(@class,"col sqs-col-12 span-12")]	//time[@class="published"]	//div[@class="comments-content"]	//nav[@class="pagination"]/a[last()]		
Sea of Ghosts	http://seaofghosts.com	//span[@class="entry-title"]/a	//span[@class="entry-title"]/a	//div[@class="entry-content"]	//footer[@class="entry-meta"]	//div[@id="comments"]	//div[@class="nav-previous"]/a		
Jazzi MCG	http://jazzimcg.com/blog	//div[@class="title"]/h1/a	//div[@class="title"]/h1/a	//div[@class="post"]		//ul[@class="commentlist"]/li	//div[@id="nextpage"]/a		
Agent Lover	http://agentlover.com/blog	//div[@id="content_inner"]/h2/a	//div[@id="content_inner"]/h1	//div[@id="content_inner"]		//dl[@id="comment_list"]	//span[@class="older"]/a		
SKIP-No results found	http://velvetcigarette.com								
SKIP-Not a normal blog	http://thegirlnextdior.tumblr.com								
The Recessionista	http://therecessionista.com	//h2[@class="entry-title"]/a	//h1[@class="entry-title"]/span	//div[contains(@class,"entry-content")]	//abbr[contains(@class,"published")]	//ol/li	//div[@class="nav-previous"]/a		
To the Motherhood	http://tothemotherhood.com	//h2[@class="entry-title"]/a	//h1[@class="entry-title"]	//div[@class="entry-content"]	//span[@class="date published time"]	//ol/li	//li[@class="pagination-next"]/a		
Garance Dore	http://garancedore.fr/en	//h2[@class="title"]/a	//h2[@class="title"]/a	//div[@class="post-content"]	//footer[@class="post-info"]/div/div/time	//ul[@class="comments-list"]/li	//li[@class="next"]/a		
Hallie Daily	http://halliedaily.com	//h2[@class="posttitle"]/a	//h1[@class="posttitle"]/a	//div[contains(@class,"entry")]	//div[@class="date"]	//ol/li	//span[@class="previous-entries"]/a		
FASHIONFILLERS	http://fashionfillers.com	//div[contains(@id,"post")]/a	//div[contains(@id,"post")]/h1	//div[@class="entry"]	//div[contains(@id,"post")]/small	//ol/li	//div[@class="alignleft"]/a		
SKIP - DIFFERENT TEMPLATES	http://lapinella.com								
Pennyweight	http://pennyweightblog.com	//h1[@class="entry-title"]/a	//h1[@class="entry-title"]/a	//div[@class="entry-content"]		//div[contains(@class,"comment-list")]	//div[@class="older"]/a		
A Curious Fancy	http://curiousfancy.com	//div[@class="title"]/a	//div[@class="title"]/a	//div[@class="copy"]/p			//div[@id="pagination"]/a[last()]		
SKIP - not blog site	http://trendland.net								
Girl a la Mode	http://girlalamode.co.uk	//h1[@class="entry-title"]/a	//h1[@class="entry-title"]	//div[contains(@class,"content")]/*[not(position() > last() -5)]	//div[@class="post-info"]/text()[1]	//ol/li	//div[@id="posts-nav"]/a[last()]		
40+ Style	http://40plusstyle.com	//div[@class="headline_area"]/h2/a	//div[@class="headline_area"]/h1	//div[contains(@class,"entry-content")]		//dl[@id="comment_list"]	//ul[@class="numbered_nav"]/li[@class="number"][not(position() > last() -1)]		
Trend and The City	http://trendandthecity.it	//h2[@class="art-postheader"]/a	//h2[@class="art-postheader"]/a	//div[@class="art-postcontent "]/p	//div[@class="art-postheadericons art-metadata-icons"]/text()[1]	//ul[@class="commentlist"]/li	//div[@class="alignleft"]/a		
Fierce og Fattig	http://fierceogfattig.dk	//div[@class="headline"]/h2/a	//div[@class="headline"]/h1	//div[@class="entry-content"]	//div[@id="headline-time-div"]	//ol/li	//div[@class="pagination"]/a[last()]		
My Daily Style	http://stylelovely.com/mydailystyle	//header[@class="entry-header"]/h2/a	//header[@class="entry-header"]/h1	//div[@class="entry-content"]		//ol/li	//a[@class="nextpostslink"]		
Haute Macabre	http://hautemacabre.com	//div[contains(@id,"post")]//h2/a	//div[contains(@id,"post")]//h2	//div[contains(@id,"post")]//p	//div[contains(@id,"post")]//p/small/text()[1]	//ol/li	//div[@class="alignright"]/a		
Lace & Tea	http://laceandtea.com	//div[@id="content"]/h1/a	//div[@id="content"]/h1	//div[@id="content"]/p[position() >1]	//div[@id="content"]/h4	//ol[@id="comments"]	//div[@class="navigation"]/a[last()]		
MoMoMod	http://momomod.com	//article[contains(@id,"post-")]/div/h2/a	//article[contains(@id,"post-")]/div/h1	//article[contains(@id,"post-")]/div		//ul[@id="comments-list"]/li	//div[@class="alignright"]/a		
SPELL and the gypsy collective	http://spelldesigns.com/blog	//h2[@class="posttitle"]/a	//div[contains(@class,"post")]/h2/a	//div[@class="postcontent"]	//div[@class="postdate"]/span	//ul[@id="post-list"]	//a[@class="nextpostslink"]		
Style WIth Benefits	http://stylewithbenefits.com	//article[contains(@class,"post-")]/h1/a	//article[contains(@class,"post-")]/h1/a	//article[contains(@class,"post-")]/p[position() > 1]	//article[contains(@class,"post-")]/time	//ol/li	//div[contains(@class,"pagenav ")]/a		
SKIP - NO NAVIGATION	http://maldhagen.blogg.se								
SKIP - NO SITE	http://therayandthero.com								
Passions for Fashion	http://passionsforfashion.dk	//div[@class="posttitle"]/a	//div[@class="posttitle"]/h1	//div[contains(@class,"post")]/p	//div[@class="posttitle"]/span	//ol/li	//div[@class="pager"]/ul/li[last()]		
TravelinStyle	http://travelinstyle.creatorsofdesire.com	//article/h2/a	//article/h1/a	//div[@class="cms-cont"]	//span[@class="pubdate"]/div/time	//ul[@id="post-list"]	//a[@class="next"]		
Mademoiselle	http://mademois-elle.com	//header[@class="entry-header"]/h1/a	//header[@class="entry-header"]/h1	//div[@class="entry-content"]	//header[@class="entry-header"]/p	//ol/li	//div[contains(@class,"nav-previous")]/a		
Instinto de Vestir	http://instintodevestir.com	//h2[@class="title"]/a	//h2[@class="title"]	//div[@class="entry"]	//div[@class="postdate"]	//ol/li	//div[@class="alignleft"]/a		
Still Being Molly	http://themollybuckley.com	//h1[@class="entry-title"]/a	//h1[@class="entry-title"]	//article[contains(@id,"post")]	//time[contains(@class,"entry-date")]	//ul[@id="post-list"]	//div[contains(@class,"nav-previous")]/a		
Streetstyle	http://stylesightings.com	//h2[@class="entry-title"]/a	//h1[@class="entry-title"]	//div[@class="entry-content"]	//span[@class="entry-date"]	//ol/li	//a[@class="next"]		
SKIP -- No next page	http://photoblogbypetra.blogg.se								
Bel & Beau	http://holdenonbaby.com	//h1[@class="post-title"]/a	//header/h1	//article[contains(@class,"post")]/p	//p[contains(@class,"article-meta-extra")]	//ul[@id="post-list"]	//p[@class="articles-nav-next"]/a	http://belandbeau.com/	
Casey's Elegant Musings	http://blog.caseybrowndesigns.com	//h2[@class="entry-title"]/a	//h1[@class="entry-title"]	//div[contains(@class,"post")]	//abbr[contains(@class,"published")]	//dl[@id="comment_list"]	//p[@class="previous"]/a		
Little Plastic Horses	http://www.littleplastichorses.com/	//div[@class="title"]/h2/a	//div[@class="title"]/h2	//div[@class="body"]	//div[@class="date"]/p	//div[@class="ob-commentsList"]	//a[contains(@class,"ob-page-next")]		
Fashion Chalet	http://fashionchalet.net/	//div[@class="title"]/h2/a	//div[@class="title"]/h2	//div[@class="body"]	//div[@class="date"]/p	//div[@class="ob-commentsList"]	//a[contains(@class,"ob-page-next")]		
Roxalne	http://roxalne.com/the-diary-of-roxalne.php	//div[@id="diary-content"]/h2/a	//div[@id="diary-content"]/h2/a	//div[@id="diary-content"]/p	//div[@id="diary-content"]/*[position()>3]	//div[@id="tampilkan"]	//a[.//div[@id="next"]]		
Oracle Fox	http://oraclefox.com/	//h2[@class="title"]/a	//h2[@class="title"]/a	//article[contains(@class,"post-")]//p	//h4[@class="date"]	//ul[@id="post-list"]	//div[@class="pagination"]/a[last()]		
This Chick's Got Style	http://thischicksgotstyle.nl/	//h1[@class="entry-title"]/a	//h1[@class="entry-title"]	//div[@class="entry-content"]	//div[@class="entry-date"]/strong	//ol/li	//div[contains(@class,"nav-previous")]/a		
The Fashion Fruit	http://thefashionfruit.com/	//div[@class="post"]/div[@class="titolo"]/a	//div[@class="post"]/div[@class="titolo"]	//div[contains(@class,"entry")]/*[not(self::div[@class="sharing"])]	//div[@class="data"]/text()[2]	//ul[@class="commentlist"]/li	//div[@class="lefty"]/a		
SKIP - NO SITE	http://www.gritandglamour.com/								
Hannah Hayes	http://hannahhayes.co.uk	//h2[@class="headline"]/a	//h1[@class="headline header_text"]	//div[@class="post_content"]	//span[@class="post_date"]	//ul[@class="comment_list"]/li	//span[@class="previous_posts"]/a		
Looklab	http://acie.looklab.dk	//a[@class="box"]	//h2[@class="post-title"]/a	//div[@class="entry"]/p	//li[@class="firstItem"]	//ol/li	//li[@class="last"]/a		
SKIP - UNUSUAL NAV	http://thefashionguitar.com								
Cats and Dogs	http://wie-hund-und-katze.com	//div[@class="entry-summary"]/a	//h1[contains(@class,"entry-title")]/span	//div[contains(@class,"entry-content")]	//span[@class="entry-date"]	//ul[@class="commentlist"]/li	//ul[@class="page-numbers"]/li[last()]		
After DRK	http://www.afterdrk.com/	//div[@class="article"]/h2/a	//head/title	//div[@class="intro"]	//div[@class="post-details"]/strong	//ol/li	//div[@class="nav-previous"]/a		
Costume	http://mariannan.costume.fi	//article[contains(@class,"post-")]//header/h2/a	//article[contains(@class,"post-")]//header/h2	//article[contains(@class,"post-")]//p	//span[@class="posted-date"]	//ol/li	//div[@class="prev"]/a		
Corporette	http://corporette.com	//h2[@class="entry-title"]/a	//h1[@class="entry-title"]	//div[@class="entry-content"]	//span[@class="date published time"]	//ol/li	//li[@class="pagination-next"]/a		
Connected To Fashion	http://connectedtofashion.creatorsofdesire.com	//section[@class="posts"]/article/h2/a	//section[@class="posts"]/article/h1/a	//div[@class="cms-cont"]	//time	//ul[@id="post-list"]	//div[@class="pagination list-pagination"]/a[2]		
Strawberry Koi	http://strawberrykoi.com/blog	//h2[@class="title"]/a	//h1[@class="title"]/a	//div[@class="entry"]	//span[@class="post-date"]	//ol/li	//a[@class="next page-numbers"]		
Blossom	http://blossom.pt/blog	//header[@class="entry-header"]/h1/a	//header[@class="entry-header"]/h1	//div[@class="entry-content"]	//time[@class="entry-date"]	//ol/li	//div[@class="nav-previous alignleft"]/a		
The Haute Pursuit	http://www.thehautepursuit.com	//h2[@class="title"]/a	//div[@class="post"]/h2	//div[@class="post"]/p	//div[@class="title2"]	//ol/li	//div[@class="postnavigation"]/p/a[1]		
The Pleated Poppy	http://thepleatedpoppy.com/blog/	//div[contains(@class,"post")]/h2/a	//div[contains(@class,"post")]/h1	//div[@class="entry-content"]	//span[@class="date published time"]	//ol/li	//div[@class="pagination-next alignright"]/a		
Irene's Closet	http://ireneccloset.com	//h1[@class="entry-title"]/a	//h1[@class="entry-title"]	//div[@class="entry-content"]	//time[@class="entry-date"]	//ol/li	//div[@class="nav-previous"]/a		
Stylized Existance	http://stylizedexistence.com/blog	//h2[@class="entry-title"]/a	//h1[@class="entry-title"]	//div[contains(@class,"entry-content")]	//abbr[contains(@class,"published")]	//ul[@id="post-list"]	//p[@class="previous"]/a		
Wendy Brandes	http://wendybrandes.com/blog	//div[@class="entrytitle"]/h1/a	//div[@class="entrytitle"]/h1/a	//div[@class="entrybody"]	//div[@class="enddate"]	//ol/li	//div[@class="nav-previous"]/a		
Miss At La Playa	http://missatlaplaya.com	//header[@class="entry-header"]/h1/a	//header[@class="entry-header"]/h1	//div[@class="entry-content"]	//div[@class="entry-meta-time"]	//ol/li	//div[@class="nav-previous"]/a		
Ulrikke Lund	http://ulrikkelund.com/	//div[@class="content"]/header/a	//div[@class="content"]/header/a/h2	//div[@class="content"]	//div[@class="metainfo clearfix"]/time	//div[@id="stylista-comments"]	//li[@class="pager-next first last"]/a	http://stylista.no/blog/ulrikke-lund	
Holly Dolly	http://www.hollydollyblog.com	//h3[@class="post-title"]/a	//h3[@class="post-title"]/a	//div[@class="description"]	//div[@class="meta"]	//ul[@id="post-list"]	//a[@class="nav next"]		
All The Pretty Birds	http://www.all-theprettybirds.com/	//div[@class="ant-post"]/h2/a	//article[@id="post"]/h2	//article[@id="post"]	//article[@id="post"]/h4	//div[@class="comments"]	//span[@class="prev"]/a		
A Girl, A Style	http://agirlastyle.com	//header[@class="entry-header"]/h1/a	//h1[@class="entry-title"]	//div[@class="entry-content"]		//ol[@class="commentlist"]/li	//div[@class="nav-previous"]/a		
Happily Grey	http://Www.happilygrey.com	//h2[@class="entry-title"]/a	//h1[contains(@class,"entry-title")]/span	//div[contains(@class,"entry-content")]	//span[contains(@class,"entry-date")]	//ul[@class="commentlist"]/li	//a[@class="next page-numbers"]		
Little Tin Soldier	http://littletinsoldier.com	//div[@class="type"]/a	//div[@class="post-content"]/h3	//div[@class="post-content"]/p	//div[@class="date"]//a	//ul[@id="post-list"]	//span[@class="next-page"]/a		
Ascot Friday	http://ascotfriday.typepad.com/ascot_friday/	//a[@class="permalink"]	//h3[@class="entry-header"]	//div[@class="entry-content"]	//h2[@class="date-header"]	//div[@id="tpe-comments-content"]	//span[@class="pager-right"]		
Love, Laughter and Lipstick	http://lovelaughterandlipstick.com	//h2[contains(@class,"title front-view")]/a	//div[contains(@class,"single_post")]/header/h1	//div[@class="post-single-content box mark-links"]		//ol[@class="commentlist"]/li	//div[@class="nav-previous"]/a		
Vilde Kaniner	http://vildekaniner.dk	//div[@class="headline"]/h2/a	//div[@class="headline"]/h1	//div[@class="entry-content"]	//div[@id="headline-time-div"]	//ol/li	//div[@class="pagination"]/a[last()]		
Just Patience	http://justpatience.com	//h2[@class="entry-title"]/a	//h2[@class="entry-title"]	//div[@class="post"]	//div[@class="postdate"]	//ol/li	//div[@class="pagination"]/a[last()]		
KTR Style	http://ktrstyle.com	//h2[@class="post-title"]/a	//h2[@class="post-title"]	//div[@class="post-content-content"]/p	//span[@class="post-date"]	//div[@id="comments"]	//div[contains(@class,"alignright")]/a		
Anouska Proetta Brandon	http://anouskaproettabrandon.com	//h2[@class="entry-title"]/a	//h1[@class="entry-title"]	//div[@class="entry_wrap fix"]		//ul[@id="post-list"]	//li[@class="previous previous-entries"]/a		
Eat. Sleep. Wear.	http://eatsleepwear.com	//div[contains(@id,"post")]/div/h2/a	//div[contains(@id,"post")]/div/h1	//div[contains(@class, "entry clear")]	//div[@id="single-date"]	//ol/li	//div[@class="alignleft"]/a		
The Effortless Chic	http://theeffortlesschic.com	//h1[@class="entry-title"]/a	//h1[@class="entry-title"]/a	//div[@class="entry-content"]	//span[@class="entry-date"]	//ol/li	//nav[@id="nav-below"]/a[1]		
Le Blog De Big Beauty	http://leblogdebigbeauty.com	//div[@class="title"]/h2/a	//div[@class="title"]/h2/a	//div[@class="entry"]	//span[@class="date"]/time	//ol/li	//a[@class="next"]		
L'express Styles	http://blogs.lexpress.fr/cafe-mode	//div[contains(@class,"asset-header")]/h2/a	//div[contains(@class,"asset-header")]/h1	//div[contains(@class,"asset-body")]	//abbr[contains(@class,"published")]	//div[@id="comments"]	//a[@class="nextpostslink"]		
SKIP - NO RIGHT CLICK	http://fokis.se								
Kittehs Cupcakes	http://kittehscupcakes.nl	//article[contains(@class,"item-list")]//h2/a	//div[@class="post-inner"]/h1	//div[@class="entry"]	//div[@class="post-inner"]/p[@class="post-meta"]/span[2]	//ol/li	//span[contains(@id,"tie-next-page")]/a		
The Doctors Closet	http://thedoctorscloset.com	//div[@id="content_inner"]/h2/a	//div[@id="content_inner"]/h1	//div[@id="content_inner"]		//dl[@id="comment_list"]	//span[@class="older"]/a		
The Nothern Light	http://the-northernlight.com	//div[@class="post-inner"]/h2/a	//div[@class="post-inner"]/h2/a	//div[@class="entry"]	//div[contains(@class,"post")]/div[@class="date"]	//ol/li	//div[@class="alignleft"]/a		
The Stylist	http://thestylistpost.com	//ul/li/h3/a	//div[@id="category-name"]/h1	//div[contains(@class,"entry")]	//p[@class="description"]/text()[1]	//div[@id="comment-section"]			
Wendy's Look Book	http://www.wendyslookbook.com/	//div[contains(@class,"postContent")]/h3/a	//div[contains(@class,"postContent")]/h3	//div[contains(@class,"entry-content")]	//div[contains(@class,"postDate")]/abbr		//div[@class="prev"]/a		
Betty	http://www.leblogdebetty.com	//div[@id="content"]/header/h2/a	//div[@id="content"]/header/h1	//div[@class="entry-content"]	//footer[@class="datecategorie"]/center	//ol/li	//div[@class="nav-previous"]/a		
Dennis M.	http://dennism.se	//div[contains(@class,"post")]/h2/a	//div[contains(@class,"post")]/h2/a	//div[contains(@id,"post")]	//ul[@class="meta"]/li[1]	//ul[@class="commentlist"]/li	//div[contains(@id,"pagination")]/p/a[last()]		
I Love You Wildfox	http://ilovewildfox.com/iloveyouwildfox/	//article[contains(@class,"entry")]/h1/a	//head/title	//div[contains(@class,"entry-content")]	//div[@class="meta"]/text()[1]	//div[contains(@class,"comment-list")]	//nav[@class="pagination"]/a[last()]		
Peace Love Shea	http://peaceloveshea.com	//article[contains(@id,"content")]/div/a[@class="feed-thumb-link"]	//article[@id="content"]/h1	//article[@id="content"]/p	//p[@class="page-date"]	//ol/li	//a[@id="page-next"]		
Nini Style	http://ninistyle.net/	//div[contains(@class,"post")]/h2/a	//div[contains(@class,"post")]/h2	//div[@class="post"]/div[contains(@class,"content")]	//span[@class="date"]	//ol[@id="thecomments"]/li	//span[@class="older"]/a		
Leopard And Lillies	http://leopardandlillies.com	//div[contains(@id,"contant")]/h2/a	//div[contains(@id,"contant")]/h2[1]	//div[contains(@class,"entry")]/p		//ol/li	//div[contains(@class,"next-posts")]/a		
My Style Pill	http://mystylepill.com	//div[@class="post-single"]/h2/a	//div[contains(@id,"post")]//h2/a	//div[contains(@class,"post-content")]		//ol/li	//p[@class="older"]/a		
SKIP - NO NAVIGATION	http://rosealamode.com/								
Haute Pink	http://hautepinkpretty.com	//div[contains(@id,"post")]/h2/a	//div[contains(@id,"post")]/h1	//div[contains(@id,"post")]//div[contains(@class,"entry")]	//a[contains(@class,"date")]/span	//ol/li	//div[@class="fl"]/a		
Seams For A Desire	http://seamsforadesire.com	//div[contains(@id,"post")]/h3/a	//div[contains(@id,"post")]/h3	//div[contains(@class,"entry-content")]	//h2[contains(@class,"date-header")]	//div[contains(@id,"comments")]/ul/li	//div[contains(@class,"older-link")]/a		
The Fashion Canvas	http://www.thefashioncanvas.com	//article[contains(@class,"article")]/header/h2/a	//article[contains(@class,"article")]/header/h2/a	//article[@class="article"]//p[contains(@style,"text-align")]	//div[contains(@class,"post-date")]	//ol/li	//ul[@class="pagination"]/li[last()]		
Cult of Pretty	http://www.cultofpretty.com/	//div[@class="post-header-left"]	//div[@class="body"]/p[1]	//div[@class="photo"]	//div[@class="post-header-left"]	//section[@id="conversation"]	//div[@class="pagination-left"]/a		
Style Lovely	http://stylelovely.com/bartabacmode	//article[contains(@id,"post")]/header/h2/a	//article[contains(@id,"post")]/header/h1	//div[contains(@class,"entry-content")]	//p[@class="fecha"]	//ol/li	//a[@class="nextpostslink"]		
Musings Of A Muse	http://musingsofamuse.com	//div[contains(@class,"post-")]/h2/a	//div[contains(@class,"post-")]/h2	//div[@class="post"]/p	//div[contains(@class,"byline")]	//div[@class="commentlist"]/ul/li	//a[@class="nextpostslink"]		
Studded Hearts	http://studded-hearts.com	//div[contains(@class,"post")]/h2/a	//div[contains(@class,"post")]/h2	//div[contains(@class,"post-body")]	//div[contains(@class,"post-kicker")]	//ul[@id="post-list"]	//a[@class="nextpostslink"]		
Monoxious	http://monoxious.com	//div[contains(@class,"title")]/a	//div[contains(@class,"title")]/a	//div[@class="the-content"]	//div[@class="date"]	//ol/li	//a[@class="left"] 		
X Teener	http://www.iamxteeener.com/	//h1[@class="entry-title"]/a	//h1[@class="entry-title"]	//div[contains(@class,"entry-content")]	//time[@class="entry-date published"]	//ol/li	//div[@class="alignleft"]/a		
XPPINKX	http://xppinkxx.com	//div[contains(@class,"post")]/h3/a	//div[contains(@class,"post")]/h3	//div[contains(@class,"post-body")]	//h2[contains(@class,"date-header")]/span		//span[contains(@id,"older-link")]/a		
Elle	http://elsa.elle.se	//div[contains(@class,"article")]/h2	//div[contains(@class,"article")]/h1	//div[@class="article single"]	//div[contains(@class,"post-info")]/small	//ul[@id="post-list"]	//div[contains(@class,"alignright")]/a		
The Fashion Cloud	http://thefashioncloud.com	//article[contains(@class,"hentry")]/header/h1/a	//h1[@class="entry-title"]	//div[contains(@class,"entry-content")]	//time[@class="published"]	//div[@class="comment-list "]	//li[@class="next"]/a		
Vanillaascented	http://vanillascented.freshnet.se/	//div[contains(@class,"blog_post")]/h2/a	//h1[@class="blog_title"]	//div[@class="blog_post"]	//div[@class="blog_date"]	//div[contains(@id,"comment-")]	//a[@class="nextpostslink"]		
StyleHeroine	http://styleheroine.com	//article[contains(@id,"post-")]/h1/a	//article[contains(@id,"post-")]/h1/a	//section[@class="post-body"]	//p[@class="meta"]/time	//ol/li	//li[@class="older"]/a		
The Haute Cookie	http://thehautecookie.com	//h2[@class="entry-title"]/a	//h2[@class="entry-title"]	//div[contains(@class,"entry-content")]	//div[@class="date"]	//ol/li	//div[@class="nav-previous"]/a		
One of Each	http://oneofeachblog.com	//div[contains(@class,"post")]/div[@class="meta"]/h2/a	//div[contains(@class,"post")]/div[@class="meta"]/h2/a	//div[contains(@class,"entry")]	//div[@class="date"]	//ol/li	//div[@class="navigation"]/a[1]		
Blasfemmes	http://blasfemmes.com	//div[contains(@class,"post")]/h2/a	//h2[@class="the-title"]/a	//div[@class="the-content"]	//div[@class="post-date"]	//div[@id="comments"]/ul/li	//a[@class="nextpostslink"]		
Lady Addict	http://stylelovely.com/ladyaddict	//article[contains(@id,"post-")]/header[@class="entry-header"]/h2/a	//article[contains(@id,"post-")]/header[@class="entry-header"]/h1	//div[contains(@class,"entry-content")]		//ol/li	//a[@class="nextpostslink"]		
Make Life Easier	http://makelifeeasier.pl	//div[contains(@id,"post-")]/div[@class="post-header"]/h2/a	//div[contains(@id,"post-")]/div[@class="post-header"]/h2/a	//div[contains(@id,"post-")]	//div[contains(@id,"post-")]/div[@class="post-header"]/p	//div[@id="comments"]/div[contains(@class, "comment")]	//div[@id="wp_page_numbers"]/ul/li[last()]		
In Their Closet	http://intheircloset.com	//div[contains(@class,"post-")]/div[@class="headline_area"]/h2/a	//div[contains(@class,"post-")]/div[@class="headline_area"]/h1	//div[contains(@class,"entry-content")]	//div[contains(@class,"post-")]/div[@class="headline_area"]/p/abbr	\\ul[@id="post-list"]	//a[@class="nextpostslink"]		
A Fashion Love Affair	http://www.afashionloveaffair.com/	//div[contains(@class,"journal-entry-text")]/h2/a	//div[contains(@class,"journal-entry-text")]/h2/a	//div[@class="journal-entry-text"]	//span[@class="posted-on"]	//div[@id="comments"]//div[@class="comment"]	//span[@class="paginationControlNextPageSuffix"]/a		
Thyme is Honey	http://thyme-is-honey.com	//div[contains(@class,"title-block")]/h1/a	//div[contains(@class,"title-block")]/h1	//div[contains(@class,"post")]/*[not(self::div[@class="fb-comments fb_iframe_widget"])]	//span[@class="post-date"]	//div[@class="fb-comments fb_iframe_widget"]	//div[@class="alignright"]/a		
SKIP - DIFFERENT TEMPLAETES	http://katemiddletonstyle.org								
Love Lauren Elizabeth	http://lovelaurenelizabeth.com	//div[contains(@id,"post")]/div[@class="post-content"]/h2/a	//h1[@class="title"]/a	//div[contains(@class,"entry")]	//div[@class="post-meta"]/text()[3]	//ol/li	//a[@class="next page-numbers"]		
Punky Style	http://punkystyle.com	//div[contains(@class,"post")]/h2/a	//div[contains(@class,"post")]/h2	//div[contains(@class,"entry-content")]	//span[contains(@class,"entry-date")]//span[@class="entry-date"]	//ol/li	//div[@class="nav-previous"]/a		
Small Town Big Wardrobe	http://smalltownbigwardrobe.com	//div[contains(@class,"post")]/h2/a	//div[contains(@class,"post")]/h1	//div[contains(@class,"entry")]/p	//div[contains(@class,"post")]//div[@class="post-info"]	//ol/li	//div[@class="pagination-next alignright"]/a		
House Of Harper	http://www.sweetcarolineinthecity.com	//h1[@class="post-title"]/a	//div[contains(@class,"content")]//h1	//div[@class="left jpibfi_container"]/p	//div[contains(@class,"left")]/h2	//ol/li	//span[@class="older"]/a	http://www.houseofharperblog.com/	
Inspired To Share	http://inspiredtoshare.com	//h1[contains(@class,"entry")]//a	//h1[@class="entry-title"]	//div[@class="entry-content"]		//ol/li	//div[contains(@class,"previous")]/a		
Eleonore Bridge	http://leblogdelamechante.fr	//div[contains(@class,"post")]/h2/a	//div[contains(@class,"post-header")]/h2	//div[contains(@id,"post")]		//div[contains(@class,"comment")]/div[contains(@class,"comment")]/div[@class="comment-body"]	//a[contains(@class,"next")]		
Creators Of Desire	http://mija.creatorsofdesire.com	//section[contains(@class,"posts")]//h2/a	//section[contains(@class,"posts")]/article/h1/a	//div[contains(@class,"cont")]	//span[@class="pubdate"]/div[@class="center"]/time	//ul[@id="post-list"]	//div[@class="pagination list-pagination"]/a[last()]		
Tokyobanhbao	http://tokyobanhbao.com	//div[contains(@class,"post")]/h2/a	//div[contains(@class,"post")]/h1	//div[@class="entry"]	//span[contains(@class,"post-date")]	//ol[contains(@class,"commentlist")]/li	//a[contains(@class,"nextposts")]		
Grayzine	http://grayzine.no/deadfleurette/	//article[contains(@id,"post")]/header/h1/a	//article[contains(@id,"post")]/header/h1/a	//div[contains(@class, "entry-content")]	//div[contains(@class, "entry-meta")]	//ol/li	//div[contains(@class,"nav-previous")]/a		
Glitter inc.	http://glitterandpearls.com/	don't do this							
	http://just-another-fashion-blog.tumblr.com/								
	http://pemberuj.net	unavailable							
