Brands (Clothing),
,
,
4moms,onesies 
Accessory Collective,Diper Cover
Acorn,First walkers
,pre-walk
,
Armani Junior,
,
Babiators,
Baby Aspen,
Baby Jogger,
Baghera,
Barefoot Dreams®,
Beaba,
Bébé au Lait,
Belly Bandit,
,
Biscotti,
Bloch,
Bloombaby,
Blush by Us Angels,
Bobux,
Bogs,
Boon,
BOSS Kidswear,
,
Bugaboo,
C2 by Calibrate,
Callisto,
Capelli of New York,
CHARM IT!®,
Chooze,
Cienta,
Cloud B,
Collection B,
,
,
Danzo Baby,
,
,
Diaper Dude,
Eastland,
Elephantito,
Ella Moss Girl,
,
,
ERGObaby,
EZ Leaps,
Florsheim,
Flowers By Zoe,
,
Geox,
Guavamitts,
Gund,
Gypsy Daisy,
Hanna Andersson,
Hatley,
Heelys,
Hello Kitty®,
Hudson Kids,
Igor,
I Heart Pinc,
Jambu,
Jellycat,
Jem,
Jenna & Jessie,
Joan Calabrese for Mon Cheri,
Joovy,
Ju Ju Be,
Jumping Jacks,
Kamik,
Kate Mack,
Kate Quinn Organics,
,
,
Kickers,
Kio Trend,
Kissy Kissy,
,
,
,
,
Limeapple,
Little Giraffe,
Little Me,
Little Things Mean a Lot,
Marimekko,
Maxi-Cosi®,
Melissa & Doug,
Merrell,
Mia Chica,
Mighty Fine,
Milly Minis,
Mini Boden,
Mini Melissa,
Miss Me,
Moncler,
Morgan & Milo,
,
Mud Pie,
Mustela®,
Naturino,
,
,
,
,
Noodle & Boo,
Nordstrom Baby,
,
,
OluKai,
Onitsuka Tiger,
"Ohh! La, La! Couture",
orbit baby,
,
Paul Smith Junior,
,
Petunia Pickle Bottom,
Pippa & Julie,
P’kolino,
PLH Bows & Laces,
,
Popatu,
Primigi,
,
,
,
,
,
,
,
Robeez®,
Robert Graham,
,
Ruby & Bloom,
Sally Miller,
Salt Water Sandals by Hoy,
,
Sanuk,
Sara Kety,
Saucony,
See Kai Run,
Signorelli,
,
Skip Hop,
Sophie la Girafe,
,
Sorel,
Sovereign Code,
,
,
Stella McCartney Kids,
Stem Baby,
,
Stonz,
Storksak,
Stokke Baby,
Stride Rite,
,
Superga,
Supra,
Swaddle Designs,
Swissies,
T2 Love,
Tea Collection,
,
The Honest Co.,
,
,
,
Timi & Leslie,
,
,
,
,
,
Trumpette,
Tsukihoshi,
Tucker + Tate,
Umi,
Un Deux Trois,
Under Armour,
United Colors of Benetton Kids,
UPPAbaby,
Us Angels,
,
Venettini,
,
Western Chief,
Zella Girl,
ZoLi,
Zooligans,