Brands,Keywords
,
Robitussin,Cough syrup
NyQuil,Sleeping Pills
NoDoz ,Energy Drinks
5 hour energy,Alergy Medication
Dramamine,Laxatives
Benadryl,Flu medicine
Imodium,Digestion & Nausea
Durex,
ClearBlue,
Benadryl,
Mucinex,Over the Counter Pregnancy Test
Tylenol,Pain Reliever
Aspirin,
Meta Mucil,Sleeping Aids
Zeberid,
Fiber Choice,Smoking patches
Nicorette,
Nicotine,Vitamins
Equate,Compression Clothing
Visine,Compression Sleeves
Re-Nu,Back Support Belts
ZiCam,Shin Splints
Astroglide,Neoprene Elbow Sleeves
KY warming gel,Non Latex Codoms
LifeStyles,Condoms
,Drug Test Kits
Skyn,
Zestra,Yeast Infection Cream
VCF,
ExtenZe,Vaper Rub
Azo,
Ricola,
Nasacort,
Blistex,
Vicks,
Afrin,
Advil,
Alka Seltzer,
Coricidin,
Bufferin,
Zarbees,